profile,method,mean_prefix_mrr,p50_ms,p95_ms,h1_rr,h1_video_hit@1,h1_video_hit@5,h1_video_hit@10,h1_moment_hit@1,h1_moment_hit@5,h1_moment_hit@10,h2_rr,h2_video_hit@1,h2_video_hit@5,h2_video_hit@10,h2_moment_hit@1,h2_moment_hit@5,h2_moment_hit@10,h3_rr,h3_video_hit@1,h3_video_hit@5,h3_video_hit@10,h3_moment_hit@1,h3_moment_hit@5,h3_moment_hit@10
pe,cumulative,0.6558221276726178,504.54616900015026,851.3385730002483,0.5967763949013949,0.48333333333333334,0.75,0.8333333333333334,0.15,0.21666666666666667,0.26666666666666666,0.6704166666666667,0.5833333333333334,0.8,0.8333333333333334,0.35,0.43333333333333335,0.45,0.700273321449792,0.6166666666666667,0.8,0.8666666666666667,0.4,0.4666666666666667,0.5
pe,hint_rrf,0.6092641849969893,506.71350850007,836.6371919992162,0.5967763949013949,0.48333333333333334,0.75,0.8333333333333334,0.15,0.21666666666666667,0.26666666666666666,0.6143346110411327,0.5,0.7333333333333333,0.8333333333333334,0.21666666666666667,0.25,0.31666666666666665,0.6166815490484401,0.48333333333333334,0.7833333333333333,0.8666666666666667,0.2,0.26666666666666666,0.3
pe,dual_view,0.5980154163114445,836.0382664995996,983.7430400002631,0.5967763949013949,0.48333333333333334,0.75,0.8333333333333334,0.15,0.21666666666666667,0.26666666666666666,0.6006869056869056,0.5333333333333333,0.6833333333333333,0.8,0.3333333333333333,0.36666666666666664,0.43333333333333335,0.596582948346033,0.5,0.7,0.75,0.3333333333333333,0.4,0.43333333333333335
pe,phm_no_rescue,0.6229756099731455,829.9146005001603,953.9459989991883,0.5967763949013949,0.48333333333333334,0.75,0.8333333333333334,0.15,0.21666666666666667,0.26666666666666666,0.5999912978589043,0.5,0.7333333333333333,0.85,0.3,0.38333333333333336,0.4666666666666667,0.6721591371591371,0.5833333333333334,0.7833333333333333,0.8833333333333333,0.35,0.4666666666666667,0.5333333333333333
pe,phm,0.6459157817491151,2131.186227999933,2618.1300549997104,0.5967763949013949,0.48333333333333334,0.75,0.8333333333333334,0.15,0.21666666666666667,0.26666666666666666,0.6379405779405779,0.5333333333333333,0.75,0.8333333333333334,0.3333333333333333,0.4,0.45,0.7030303724053724,0.6,0.8333333333333334,0.8666666666666667,0.36666666666666664,0.48333333333333334,0.5
pe,cumulative_deep,0.6627490867278449,532.5896554995779,933.5923969993019,0.6055555555555555,0.5,0.7833333333333333,0.8333333333333334,0.15,0.25,0.26666666666666666,0.6855174291938998,0.6,0.8,0.8333333333333334,0.35,0.43333333333333335,0.45,0.6971742754340794,0.6,0.8166666666666667,0.8833333333333333,0.38333333333333336,0.48333333333333334,0.5166666666666667
pe-qwen,cumulative,0.6907113790087609,1133.5666089998995,1781.0193069999514,0.5431753723609962,0.38333333333333336,0.7333333333333333,0.8333333333333334,0.16666666666666666,0.31666666666666665,0.36666666666666664,0.7386309523809523,0.6333333333333333,0.9,0.9333333333333333,0.35,0.4666666666666667,0.48333333333333334,0.790327812284334,0.6833333333333333,0.9333333333333333,0.9666666666666667,0.4,0.5166666666666667,0.55
pe-qwen,hint_rrf,0.6662094652566511,1108.610029000829,1738.9245559998017,0.5431753723609962,0.38333333333333336,0.7333333333333333,0.8333333333333334,0.16666666666666666,0.31666666666666665,0.36666666666666664,0.6659553343367999,0.5166666666666667,0.8333333333333334,0.9333333333333333,0.21666666666666667,0.38333333333333336,0.4166666666666667,0.7894976890721571,0.7166666666666667,0.9,0.9166666666666666,0.2833333333333333,0.31666666666666665,0.3333333333333333
pe-qwen,phm_no_rescue,0.6832242841598147,1516.934499999934,2821.7282069999783,0.5431753723609962,0.38333333333333336,0.7333333333333333,0.8333333333333334,0.16666666666666666,0.31666666666666665,0.36666666666666664,0.7008163780663781,0.5666666666666667,0.8666666666666667,0.9,0.3333333333333333,0.45,0.4666666666666667,0.8056811020520698,0.7333333333333333,0.9,0.9333333333333333,0.4,0.5,0.5166666666666667
pe-qwen,phm,0.6903441907785136,3875.085199500063,5891.6613059991505,0.5431753723609962,0.38333333333333336,0.7333333333333333,0.8333333333333334,0.16666666666666666,0.31666666666666665,0.36666666666666664,0.704381971499316,0.5666666666666667,0.8833333333333333,0.9166666666666666,0.3333333333333333,0.48333333333333334,0.48333333333333334,0.8234752284752285,0.7333333333333333,0.9333333333333333,0.9666666666666667,0.4,0.55,0.55
